artist_name,artist_slug,genius_artist_id,song_id,title,lyrics,url,featured_artists,english_only_text,n_english_lines,n_total_lines,english_ratio,english_word_count
Freeze Corleone,freeze_corleone,63888,6724242,Polémique,"S/o le Flem
Allô ? Cee ? C'est comment ? T'as déjà quitté London ?
Yo Freeze, we're doing one ten through the country dumpin'
Vas-y, carré, fais-moi signe dès qu't'arrives à Paris
I'll be like in thirty minute, my bro, I'll bill it, can you pattern some Cali?
Sans stress, on a les connec', quand t'es là, on s'connecte
Say less, ekip, ekip
Yo

I keep airin' the labels, one day, I might get blackballed
I ain't been Fashion Week, OT though, I seen me a catwalk (Seen me a catwalk)
Give a cat six live for the night, I don't know about landlords (Real life)
If they knew what we did in the bando, one day, I might get cancelled (Shit)
Shit, my shoes tied tight, I can't step out in no sandals
Bought a rope chain and Kangol, took me a L, I'm cool, G, I feel like Cool J (Cench)
I live my movie, I might make a BluRay and tell my story
My dog, he part of me, my chargie, we got matchin' jewelry
Presidentials, Oysters, rose-gold Dwellers and Day-Date 40's

Fais des grosses liasses avec des polémiques (Cash)
Dieu avec moi comme si j'bois que de l'eau bénite (Han)
Dakar comme la place de l'obélisque (Ekip)
Mixe Fanta exotique avec la codéine (Lin)
Faut transférer tout le cash au pays (Cash)
Dieu et le fer, négro, pas de protéines (Paw)
Corleone, Central Cee (Central Cee)
Lambo' orange, Maybach anthracite (Sku)
Fuck un colon, fuck la Françafrique
Chen Zen A.K.A. machine à scorer (Cash)
Yeuz bridés comme la Chine, la Corée (Han)
Pas d'pas d'danse dans les clips, pas d'choré'
Et y a que Dieu que j'peux adorer (Que j'peux adorer)
Dans la maison piège, trouve-moi dans la kitchen (Trouve-moi dans la kichten)

How they hate on man when I don't even know they're existin'? (How?) Huh
They talk too much, they tweet too much, gotta keep my distance
Cee don't be in the mix, one wish, my G's get freed out the system
Link with Freeze, it's lean that he drinkin'
Sippin', throwin' up C's, not crippin'
Keep on bitchin', think that you're Mitch
Until bro come and cut off your fingers
Fuck what you're thinking, fuck your opinion
That mixtape made me a million (Haha)

Yeuz comme des litchis, loin d'eux comme les Fidji
CEO, compte en banque avec six chiffres (Cash)
Allume les big shit, découpe comme Geechi
Il m'faut le biff de Lionel Richie (Cash)
Six sur six, s/o à Central
Fume de ouf comme une cheminée d'la centrale
Grosse Cali comme à South Central
J'arrive New York à fond comme le parc central (Ekip)
Movie, bienvenue dans le film
S/o 22Gz, un trou dans l'muffin
Chen Zen chasse les vampires comme dans Buffy, ekip

Movie, Lamborghini, I like me a two-seat (Skrrt, two-seat)
Just landed in Paris, I'm on IG tryna find me a groupie (Groupie)
Groupie, elle veut mon cash, mes roupies
Laisse-les croire qu'on roupille
Sur le toit comme si j'étais Snoopy, ekip
My shoes tied tight, I can't step out in no sandals
Pas d'pas d'danse dans les clips, pas d'choré'
Et y a que Dieu que j'peux adorer
Presidential, Oysters, rose-gold Dwellers and Day-Date 40's
Fais des grosses liasses avec des polémiques
Dieu avec moi comme si j'bois que de l'eau bénite",https://genius.com/Freeze-corleone-polemique-lyrics,Central Cee,"Yo Freeze, we're doing one ten through the country dumpin'
I'll be like in thirty minute, my bro, I'll bill it, can you pattern some Cali?
I keep airin' the labels, one day, I might get blackballed
I ain't been Fashion Week, OT though, I seen me a catwalk (Seen me a catwalk)
Give a cat six live for the night, I don't know about landlords (Real life)
If they knew what we did in the bando, one day, I might get cancelled (Shit)
Shit, my shoes tied tight, I can't step out in no sandals
Bought a rope chain and Kangol, took me a L, I'm cool, G, I feel like Cool J (Cench)
I live my movie, I might make a BluRay and tell my story
My dog, he part of me, my chargie, we got matchin' jewelry
Presidentials, Oysters, rose-gold Dwellers and Day-Date 40's
How they hate on man when I don't even know they're existin'? (How?) Huh
They talk too much, they tweet too much, gotta keep my distance
Cee don't be in the mix, one wish, my G's get freed out the system
Link with Freeze, it's lean that he drinkin'
Keep on bitchin', think that you're Mitch
Until bro come and cut off your fingers
Fuck what you're thinking, fuck your opinion
That mixtape made me a million (Haha)
My shoes tied tight, I can't step out in no sandals
Presidential, Oysters, rose-gold Dwellers and Day-Date 40's",21,61,0.3442622950819672,243
Lomepal,lomepal,16138,4144358,Ma cousin,"Ahlan wa sahlan bikom 3ala track Lomepal 14 fi l'album Jeannine

J’ai le regard qui change avant de tout lâcher au-dessus d'elle
Mais ne me jugez pas, on se divertit comme on peut sur Terre
J'suis pas là longtemps et j’ai toute une liste à cocher
Impatient comme un enfant j'ai bu deux verres en deux gorgées (brrr ko ko ko)
Double platine, bien sûr j'ai les preuves j'ai les documents
Tu peux cracher sur mon nom mais tu touches pas à FLIP c'est un monument (brr brr brr)
J'ai attendu la fin de l'orage pour pouvoir jouer les vacanciers (flip flip)
Cocktail de toutes les couleurs, mon foie va devenir un arc-en-ciel (ah youh)

Ma cousin désolé si mon bonheur te gène
J'suis beau, j’suis fêlé et les moqueurs se jettent
L’amour des collègues c'est un moteur de Ferrari
La haine des jaloux c’est un moteur de jet

Tu supportes pas ma gueule c'est parfait
J'ferai en sorte que tu la vois partout
T'es ni un pape ni un prophète
Viens pas nous voir chez les fous, tu pourrais gâcher la fête... (ko ko ko)
Putain de fête à mille degrés (ah youh)
Putain de fête à mille degrés (ah youh)
Regarde-toi la haine te crève
Viens pas nous voir chez les fous, tu pourrais gâcher la fête

J’arrive à table en pyjama, j'suis dans mon élément
Servez-moi toute la carte, j'ai assez goûté le manque (oh oui monsieur)
Oh que j'ai la belle vie, j'peux plus détester le monde (non!)
On commence à voir mes chaussettes, putain je bande tellement tellement tellement peu limité
Adrénaline dans le moteur j'suis clairement pas le messie
J'fais que m'allumer tous les soirs, j'ai les mains sales mais pas comme dans une pub de lessive (non non)
Insouciant comme un riche
J'aurais toujours de l'inspi pour être riche
Quand ça manque, suffit d'expulser deux lattes, la drogue c'est de la triche (cheater)
J'suis trop défoncé, Stephen Hawking dans le canapé (ah youh)
Entouré par les plus beaux poissons j'ai plus qu'à sortir ma canne à pêche (ah youh)
J'ai peur de l'échec, du premier point à la balle de ma,a,atch
J'avais pas été aussi perdu depuis la fac de maths (mathématiques)
Ça devient dangereux quand t'as plus de pouvoir que de tentations (ah youh)
Mon équipe s'agrandit, y'aura bientôt plus assez de sièges dans l'avion (ah youh)
À Los Angeles, que des clichés, c'est hyper drôle (ahahah)
Qu'est-ce qu'on s'amuse en vacances chez les voleurs de pétrole

Ma cousin désolé si mon bonheur te gêne
J'suis beau, j'suis fêlé et les moqueurs se jettent
L'amour des collègues c'est un moteur de Ferrari
La haine des jaloux c'est un moteur de jet

Tu supportes pas ma gueule c'est parfait
J'ferai en sorte que tu la vois partout
T'es ni un pape ni un prophète
Viens pas nous voir chez les fous, tu pourrais gâcher la fête... (ko ko ko)
Putain de fête à mille degrés (ah youh)
Putain de fête à mille degrés (ah youh)
Regarde-toi la haine te crève
Viens pas nous voir chez les fous, tu pourrais gâcher la fête

Um, like, don't come 'round here and try to fuck up our party, man
Um, I don't think–I don't think niggas is out here 'cause of hate
I think niggas is out here 'cause of love, 'cause of passion, um, hard work, being persistent
We just having fun and it's like, niggas be fucking with us
But like, we still got haters out here, I don't get it, man
Did we do something to y'all? Is my girlfriend too hot?
Nigga, why you gotta be up in here like hating?
Looking at us like something's wrong when everything okay?
Positive energy brings positive things, homie
Why you gotta be negative?
We're just tryna like be on top of our game, ya know?
You should be tryna get on top of your game too, man
1 - 1 = 0, we ain't tryna be no zero
We're tryna be heroes, man
What's up? Acting like you don't see us? You see us everywhere, nigga, that's what's up
Wayni la knti bach tmeredna, rak 3aref.. le reste
(Tu pourrais gâcher la fête)
W laknti jay bach tmrredna fa sir lah yn3al ... rak 3aref le reste",https://genius.com/Lomepal-ma-cousin-lyrics,,"Um, like, don't come 'round here and try to fuck up our party, man
Um, I don't think–I don't think niggas is out here 'cause of hate
I think niggas is out here 'cause of love, 'cause of passion, um, hard work, being persistent
We just having fun and it's like, niggas be fucking with us
But like, we still got haters out here, I don't get it, man
Did we do something to y'all? Is my girlfriend too hot?
Nigga, why you gotta be up in here like hating?
Looking at us like something's wrong when everything okay?
We're just tryna like be on top of our game, ya know?
You should be tryna get on top of your game too, man
1 - 1 = 0, we ain't tryna be no zero
We're tryna be heroes, man
What's up? Acting like you don't see us? You see us everywhere, nigga, that's what's up",13,68,0.19117647058823528,155
Youssoupha,youssoupha,1684,62326,Dreamin’,"Miss me, miss me, you're the one who makes me feel
Makes me feel for real
In the night, in the night, you know when I close my eyes
I can hear your voice forever
I'm dreaming, singing, hoping, smiling
Giving, flying, falling, fighting, crying, living, writing, when you love me
I'm dreaming, singing, hoping, smiling
Giving, flying, falling, fighting, crying, living, writing, when you love me

J'écris des textes en relief, juste avec des rimes plates
J'ai pas changé mes rêves contre un chèque de mille plaques
Quand je suis en concert, et que le public backe
C'est grâce à Philo, mon frère : big up à mon big black !
J'suis parti de mon bled, forcé sous les bruits d'balles
Dans la rue, les murs ont des oreilles, et les briques parlent
Rap de référence, tu sais je ne biz pas
Espérant que c'putain d'show-biz ne me brise pas
D'une manière ou d'une autre, rêvais de toucher le ciel
J'pouvais pas être astronaute, alors j'ai fait de la scène
J'ai un pied sur terre, l'autre dans le vide
Un pied dans le superficiel, l'autre dans le Dîn
J'ai un cœur chez les miens, un cœur chez les fous
Un cœur sur la main, un cœur au milieu de la foule
En guise de refrain pour le public qui m'entoure
Y'a cette voix qui revient, pour vous dire tout mon amour
Pour vous dire tout mon amour...

Miss me, miss me, you're the one who makes me feel
Makes me feel for real
In the night, in the night, you know when I close my eyes
I can hear your voice forever
I'm dreaming, singing, hoping, smiling
Giving, flying, falling, fighting, crying, living, writing, when you love me
I'm dreaming, singing, hoping, smiling
Giving, flying, falling, fighting, crying, living, writing, when you love me

J'allume une bougie pour éclairer nos remords
Et je me bouge vite, pour ne pas rester dehors
Le temps s'écoule vite, donc on a besoin de l'or
J'ai le flow de LL Cool J quand j'ai besoin de love
J'ai une main sur mes proches, l'autre sur une femme
J'ai une main sur le microphone, l'autre sur une arme
Le succès est de taille, mais faut garder nos repères
Plus belle sera la médaille, plus lourd sera le revers
J'écris ces quelques lignes, car souvent je m'y perds
La défaite est orpheline, la victoire a mille pères
J'ai un œil sur nos vies, un œil sur le monde
Un œil sur mon fils, un œil sur la montre
Ma vie sans la foule : triste anesthésie
Quand je souffre pour vous, je souffre avec plaisir
En guise de refrain, pour le public qui m'entoure
Y'a cette voix qui revient pour vous redire mon amour
Pour vous redire mon amour...

Miss me, miss me, you're the one who makes me feel
Makes me feel for real
In the night, in the night, you know when I close my eyes
I can hear your voice forever
I'm dreaming, singing, hoping, smiling
Giving, flying, falling, fighting, crying, living, writing, when you love me
I'm dreaming, singing, hoping, smiling
Giving, flying, falling, fighting, crying, living, writing, when you love me

No one else but you
I'm nothing without you
I don't want it to end
My love is in your hands
No one else but you
I'm nothing without you
I don't want it to end
My love is in your hands",https://genius.com/Youssoupha-dreamin-lyrics,Indila,"Miss me, miss me, you're the one who makes me feel
Makes me feel for real
In the night, in the night, you know when I close my eyes
I can hear your voice forever
I'm dreaming, singing, hoping, smiling
Giving, flying, falling, fighting, crying, living, writing, when you love me
I'm dreaming, singing, hoping, smiling
Giving, flying, falling, fighting, crying, living, writing, when you love me
Miss me, miss me, you're the one who makes me feel
Makes me feel for real
In the night, in the night, you know when I close my eyes
I can hear your voice forever
I'm dreaming, singing, hoping, smiling
Giving, flying, falling, fighting, crying, living, writing, when you love me
I'm dreaming, singing, hoping, smiling
Giving, flying, falling, fighting, crying, living, writing, when you love me
Miss me, miss me, you're the one who makes me feel
Makes me feel for real
In the night, in the night, you know when I close my eyes
I can hear your voice forever
I'm dreaming, singing, hoping, smiling
Giving, flying, falling, fighting, crying, living, writing, when you love me
I'm dreaming, singing, hoping, smiling
Giving, flying, falling, fighting, crying, living, writing, when you love me
No one else but you
I'm nothing without you
I don't want it to end
My love is in your hands
No one else but you
I'm nothing without you
I don't want it to end
My love is in your hands",32,66,0.48484848484848486,243
Youssoupha,youssoupha,1684,708823,Smile,"Laisse tourner l'son
Où sont les sourires au pied de nos tours ?
C'est pour les rêveurs qui ont des nuits plus belles que nos jours
Lyriciste Bantou
C'est ça même, refrain

You make me, you make me, you make me smile
You make me, you make me, you make me smile
You make me, you make me, you make me smile
And in a little while, I don't have no more tears to cry

Y'a tous ces rêves que je promène, blédard est mon accent
J'ai pas réglé mes problèmes ; les coups, j'en ai fait quatre cent
J'ai pas tenu les promesses, perdu dans mes passe-temps
Et, quand les autres progressent, j'ai l'impression d'être absent
Tout ça n'a pas d'sens, et ça me donne le tournis
Comment régner ? Parmi les araignées, je suis une fourmi
Mais, toujours mon sale orgueil qui résonne comme un écho
J'sais pas si j'ai mal à mon cœur ou mal à mon ego
Tous inégaux, tous énervés
C'est pour ma tante et tout l'travail ingrat qu'elle a fait pour nous élever
C'est pour les femmes qui ont apaisé mes soupirs
Celles qui m'ont croisé en larmes et m'ont redonné le sourire... Refrain

You make me, you make me, you make me smile
You make me, you make me, you make me smile
You make me, you make me, you make me smile
And in a little while, I don't have no more tears to cry

Mes tourments échappent à certains, pourtant, ils parlent à d'autres
Et, plus le bonheur me tend la main, plus je suis parano
À nos actes manqués, à nos embouteillages
À nos joies tourmentées, à nos coups de théâtre
Et y'a tous ces moments où je décroche, où j'pense à me retirer
J'pense aux reproches et à mes proches quand mes défauts remontent
Si j'aime autant mon fils, c'est pas seulement pour ce qu'il est
Mais aussi pour ce que je suis depuis qu'il est venu au monde
C'est pour mon grand frère dans le din, pour tous ses conseils
Pour tous ces gens qui m'ont fait grandir à travers les concerts
C'est pour les sœurs qui m'ont pas laissé souffrir
Qui m'ont vu quand j'étais seul, et m'ont redonné le sourire...

You make me, you make me, you make me smile
You make me, you make me, you make me smile
You make me, you make me, you make me smile
And in a little while, I don't have no more tears to cry

J'ai pas envie de fuir, mama
On garde le sourire et on prie, même dans les pires moments
J'ai pas envie de fuir, mama
On garde le sourire et on prie, même dans les pires moments
J'ai pas envie de fuir, mama
On garde le sourire et on prie, même dans les pires moments
J'ai pas envie de fuir, mama
On garde le sourire et on prie, même dans les pires moments

Smile
Smile
Smile
And in a little while, I don't have no more tears to cry",https://genius.com/Youssoupha-smile-lyrics,Madame Monsieur,"You make me, you make me, you make me smile
You make me, you make me, you make me smile
You make me, you make me, you make me smile
And in a little while, I don't have no more tears to cry
You make me, you make me, you make me smile
You make me, you make me, you make me smile
You make me, you make me, you make me smile
And in a little while, I don't have no more tears to cry
You make me, you make me, you make me smile
You make me, you make me, you make me smile
You make me, you make me, you make me smile
And in a little while, I don't have no more tears to cry
And in a little while, I don't have no more tears to cry",13,53,0.24528301886792453,142
Sinik,sinik,1877,81907,Rue du paradis,"Every day I wake up I feel like crying
Every second I feel like praying
Everywhere I turn my people dying
Brothers and sisters listen to what I'm saying
Every day I wake up I feel like crying
Every second I feel like praying
Everywhere I turn my people dying
Brothers and sisters listen to what I'm saying

À l'heure où vous lirez ces quelques lignes
J'aurai déjà mis un terme à cette chienne de vie indigne
J'en ai marre de souffrir, marre de fuir
Marre de me dire que j'ai toujours le mal de vivre
Je n'ai jamais su crever l'abcès, j'ai pas eu de chance
L'amour et ses absences font mal comme une balle dans une jambe
J'écris ces mots comme un lâche, je pourrais vous le dire en face
Mais comme un naze je n'aurais pas trouvé les phrases
J'ai essayé de me relever mais les barreaux m'ont mis K.O
Mal dans ma peau je serais mieux tout là-haut
C'est de ma faute pas de la votre si je me pends
Du fond du cœur je vous aime et que je me rate si je mens
Fatigué, épuisé de vivre à bout de force
Si la juge est un couteau la justice est un coupe-gorge
Je sais plus trop quoi dire, peut être
Je vous aime je vous quitte mais dans le cœur je vous ai...

Every day I wake up I feel like crying
Every second I feel like praying
Everywhere I turn my people dying
Brothers and sisters listen to what I'm saying
Every day I wake up I feel like crying
Every second I feel like praying
Everywhere I turn my people dying
Brothers and sisters listen to what I'm saying

Depuis que t'es parti, j'ai mal au ventre
J'ai des mauvaises notes j'crois que je suis sur la mauvaise pente
À la maison ça pleure constamment
Maman range ta chambre, chaque jour on t'attend
Papa m'a dit que c'est la vie c'est comme ça
Mais si la vie c'est comme ça moi je finirais comme toi
Je voulais que tu saches que pour moi ton absence est un drame
Que la manière dont tu nous quittes est ingrate
J'ai du mal à trouver les mots, j'ai oublié les notes
Mon cher grand frère, excuse pour les fautes
Je vais envoyer cette lettre au Paradis, sans pleurer
Comme un homme en espérant que les anges te la donnent
J'aurais tellement aimé te voir une dernière fois
Ton ombre sera toujours là derrière moi
Depuis que t'es parti, je squatte le banc assidûment
Signé ton petit frère à qui tu manques

Every day I wake up I feel like crying
Every second I feel like praying
Everywhere I turn my people dying
Brothers and sisters listen to what I'm saying
Every day I wake up I feel like crying
Every second I feel like praying
Everywhere I turn my people dying
Brothers and sisters listen to what I'm saying
Every day I wake up I feel like crying
Every second I feel like praying
Everywhere I turn my people dying
Brothers and sisters listen to what I'm saying

Ça fait plaisir de lire que tu m'attends
À cet instant je suis sûrement dans un désert de nuage blanc
Ici c'est mieux, sincèrement je le crois
Que tu traînes je ne veux pas, fais attention d'ici je te vois
De vos douleurs et de vos larmes je suis coupable
Petit re-frè, ma lâcheté n'aura d'égal que ton courage
Je veux que tu comprennes que sur Terre la vie m'écrase
Souviens-toi que ma mort n'est que la plus grosse de mes gaffes

Every day I wake up I feel like crying
Every second I feel like praying
Everywhere I turn my people dying
Brothers and sisters listen to what I'm saying
Every day I wake up I feel like crying
Every second I feel like praying
Everywhere I turn my people dying
Brothers and sisters listen to what I'm saying
Every day I wake up I feel like crying
Every second I feel like praying
Everywhere I turn my people dying
Brothers and sisters listen to what I'm saying
Every day I wake up I feel like crying
Every second I feel like praying
Everywhere I turn my people dying
Brothers and sisters listen to what I'm saying",https://genius.com/Sinik-rue-du-paradis-lyrics,,"Every day I wake up I feel like crying
Every second I feel like praying
Everywhere I turn my people dying
Brothers and sisters listen to what I'm saying
Every day I wake up I feel like crying
Every second I feel like praying
Everywhere I turn my people dying
Brothers and sisters listen to what I'm saying
Every day I wake up I feel like crying
Every second I feel like praying
Everywhere I turn my people dying
Brothers and sisters listen to what I'm saying
Every day I wake up I feel like crying
Every second I feel like praying
Everywhere I turn my people dying
Brothers and sisters listen to what I'm saying
Every day I wake up I feel like crying
Every second I feel like praying
Everywhere I turn my people dying
Brothers and sisters listen to what I'm saying
Every day I wake up I feel like crying
Every second I feel like praying
Everywhere I turn my people dying
Brothers and sisters listen to what I'm saying
Every day I wake up I feel like crying
Every second I feel like praying
Everywhere I turn my people dying
Brothers and sisters listen to what I'm saying
Every day I wake up I feel like crying
Every second I feel like praying
Everywhere I turn my people dying
Brothers and sisters listen to what I'm saying
Every day I wake up I feel like crying
Every second I feel like praying
Everywhere I turn my people dying
Brothers and sisters listen to what I'm saying
Every day I wake up I feel like crying
Every second I feel like praying
Everywhere I turn my people dying
Brothers and sisters listen to what I'm saying
Every day I wake up I feel like crying
Every second I feel like praying
Everywhere I turn my people dying
Brothers and sisters listen to what I'm saying",44,84,0.5238095238095238,319
Népal,népal,19547,2807497,Suga Suga,"J'me couche à neuf heures de l'après-minuit
Un dernier joint de kush pour me ramener au lit
Le sommeil m'a zappé
Le destin d'un vendeur de sable
À caisse ou bien à pieds
Paye-moi en pièces ou en papier
Les doros, le wari, le cash
Sur la tête de la madre... à Marine
J'me rangerai, les ients-cli le savent
Fucked up, c'est le système qui nous consume
C'est chacun sa croix, négro fuck et tais-toi
La chanahapa se prend dans la nuit noire
Soit t'es chasseur ou bien soit t'es la proie
Si tu crois qu't'es chasseur, eh bien c'est qu't'es l'appât
Niggiz, t'es locked up

Ouais ma le-gueu c'est speed, ouais ma le-gueu c'est speed
Tu voudrais qu'on t'explique mais ma le-gueu c'est speed
Ouais ma le-gueu c'est speed
Ouais ma le-gueu c'est speed
Ouais ma le-gueu c'est speed, ouais ma le-gueu c'est speed
Tu voudrais qu'on t'explique mais ma le-gueu c'est speed
Ouais ma le-gueu c'est speed
Ouais ma le-gueu c'est speed
Ouais ma le-gueu c'est speed, ouais ma le-gueu c'est speed (higher, higher)
Tu voudrais qu'on t'explique mais ma le-gueu c'est speed (higher, higher)
Ouais ma le-gueu c'est speed
Ouais ma le-gueu c'est speed (higher, higher)
Ouais ma le-gueu c'est speed, ouais ma le-gueu c'est speed (higher, higher)
Tu voudrais qu'on t'explique mais ma le-gueu c'est speed (higher, higher)
Ouais ma le-gueu c'est speed
Ouais ma le-gueu c'est speed

Got me lifted, shifted higher than the ceilin'
And ooohwee, it's the ultimate feelin'
You got me lifted, feeling so gifted
Sugar, how you get so fly
Got me lifted, shifted higher than the ceilin'
And ooohwee, it's the ultimate feelin'
You got me lifted, feeling so gifted
Sugar, how you get so fly

T'as l'nez dans la che-blan comme si la vie n'était pas assez speed (n'était pas assez speed)
Où vas-tu en courant ? Si c'est l'tien tu pourras pas rater l'film (tu pourras pas rater l'film)
Si on accélère c'est plus par gourmandise que par appétit (que par appétit)
L'histoire on la connait : virage à 200, t'es paraplégique (skrrrt)
J'ai aujourd'hui l'impression qu'le système est bien pire qu'un ennemi (pow pow pow pow)
J'existe à travers lui : azerty, azerty, azerty
Comme un virus au sein d'la matrice
Ce n'est pas dans mon plan d'm'enfumer à Maastricht
Paris te mâche, te recrache, Paris est magique

Ouais ma le-gueu c'est speed, ouais ma le-gueu c'est speed
Tu voudrais qu'on t'explique mais ma le-gueu c'est speed
Ouais ma le-gueu c'est speed
Ouais ma le-gueu c'est speed
Ouais ma le-gueu c'est speed, ouais ma le-gueu c'est speed
Tu voudrais qu'on t'explique mais ma le-gueu c'est speed
Ouais ma le-gueu c'est speed
Ouais ma le-gueu c'est speed (higher, higher)
Ouais ma le-gueu c'est speed, ouais ma le-gueu c'est speed
Tu voudrais qu'on t'explique mais ma le-gueu c'est speed (higher, higher)
Ouais ma le-gueu c'est speed
Ouais ma le-gueu c'est speed (higher, higher)
Ouais ma le-gueu c'est speed, ouais ma le-gueu c'est speed
Tu voudrais qu'on t'explique mais ma le-gueu c'est speed (higher, higher)
Ouais ma le-gueu c'est speed
Ouais ma le-gueu c'est speed

Got me lifted, shifted higher than the ceilin'
And ooohwee, it's the ultimate feelin'
You got me lifted, feeling so gifted
Sugar, how you get so fly
Sugar, sugar, how you get so fly
Sugar, sugar, how you get so fly
Sugar, sugar, how you get so fly
Sugar, sugar, how you get so fly

You know it's leather when we ride
Wood grain and raw hide
Doing what we do, watchin' screens gettin' high
Girl, you keep it so fly, with your sweet honey buns
You was there when the money was gone
You'll be there when the money comes",https://genius.com/Nepal-suga-suga-lyrics,Doums,"Got me lifted, shifted higher than the ceilin'
And ooohwee, it's the ultimate feelin'
You got me lifted, feeling so gifted
Sugar, how you get so fly
Got me lifted, shifted higher than the ceilin'
And ooohwee, it's the ultimate feelin'
You got me lifted, feeling so gifted
Sugar, how you get so fly
Got me lifted, shifted higher than the ceilin'
And ooohwee, it's the ultimate feelin'
You got me lifted, feeling so gifted
Sugar, how you get so fly
You know it's leather when we ride
Wood grain and raw hide
Girl, you keep it so fly, with your sweet honey buns
You was there when the money was gone
You'll be there when the money comes",17,78,0.21794871794871795,119
Aloïse Sauvage,aloïse_sauvage,1431214,3612017,Ailleurs Higher,"Et ça écorche les syllabes
Et ça trébuche sur ton nom
Et tu te déportes tel un crabe
Jamais de face, presque à reculons
Tu veux te montrer
Mais t'as peur qu'on te voit;
Tu sais comment exister
Mais t'as peur de te croire
T'es ton propre coach
T'as peur de louper le coche;
La vie t'attriste comme elle t'attire
Et tu veux juste la remplir comme tes poches
C'est la pluie qui veut ça
Qui veut nous tremper jusqu'aux os
C'est l'angoisse qui dit ça
Qui dit tu vas te tromper mais reste fort
You
Want to disappear so many times
What kind of illness it is?
You
Want to disappear so many times
What kind of illness it is?
Mais ton courage te fait tenir
J'crois qu'il n'y a pas d'issue
Les coups de rage font souffrir
Voyez comme ils nous mènent la vie dure
Au bout du rouleau le diable s'excite
Prêt à se jeter à l'eau
Mais les drames s'évitent
Ça va si vite, ça va si vite, ça va si vite
Life is pretty but life is weird
It's a pity that you're not your own leader
They don't know, I repeat they don't know, they don't know
Just follow your feelings, just follow, just follow
You
Want to disappear so many times
What kind of illness it is?
You
Want to disappear so many times
What kind of illness it is?
Ça gronde dans ton ventre, ça monte c'est pas tendre
Les mains sales, les pieds nus, le cœur pâle, les mots crus
(Et la chute qui t'attend)
Tu veux exceller et ça se voit
Pas t'affaisser et caetera
(Et la chute qui t'attend)
On va tomber du jour au lendemain
S'écraser au sol, s'élever pour rien
Au fond c'est con, c'est fou, c'est tout
On aura tout fait pour, comment est-ce possible?
Je ne crois pas au succès mais
À la réussite qui succède aux
Travaux succincts après les
Échecs essuyés qui excèdent
You
Want to disappear so many times
What kind of illness it is?
You
Want to disappear so many times
What kind of illness it is?
You
Want to disappear so many times
What kind of illness it is?
You
Want to disappear so many times
What kind of illness it is?
In your suitcase, in your little place
In your own brain, with your big shame
(And you're stuck here)
In your suitcase, in your little place
In your own brain, with your big shame
(And you're stuck here)
In your suitcase, in your little place
In your own brain, with your big shame
(And you're stuck here)
You
You",https://genius.com/Aloise-sauvage-ailleurs-higher-lyrics,,"Want to disappear so many times
What kind of illness it is?
Want to disappear so many times
What kind of illness it is?
Life is pretty but life is weird
It's a pity that you're not your own leader
They don't know, I repeat they don't know, they don't know
Just follow your feelings, just follow, just follow
Want to disappear so many times
What kind of illness it is?
Want to disappear so many times
What kind of illness it is?
Want to disappear so many times
What kind of illness it is?
Want to disappear so many times
What kind of illness it is?
Want to disappear so many times
What kind of illness it is?
Want to disappear so many times
What kind of illness it is?
In your suitcase, in your little place
In your own brain, with your big shame
(And you're stuck here)
In your suitcase, in your little place
In your own brain, with your big shame
(And you're stuck here)
In your suitcase, in your little place
In your own brain, with your big shame
(And you're stuck here)",29,67,0.43283582089552236,188
Dooz Kawa,dooz_kawa,26970,2464249,Brako,"Come sit with me, we can wonder what's to come together
Come, be with me, we can come together and wonder
Come follow me, let me show you we were made for each other
And go on like this for ever and ever and ever and ever
And ever
[Intro : Dooz Kawa & 
Hippocampe Fou
]
- Arrêtes, qu'est-ce que tu racontes ?
Putain mais, c'est pas la question
C'est pas le moment de parler de ça
- Raccroche, allez
- Ouais, une seconde !
- Raccroche !
- T'as vu, c'est plus possible
C'est juste pas bon
- Tu la rappelles après, c'est bon !
- Ouais, c'est bon, attends, attends, attends, attends
- Tout à l'heure, on sera riches, mec !
- Allez, faut que je te laisse
- Allez ! Allez !
- Faut que je te laisse !
- Go, go, go, go, go
- Pas d'stress, c'est pour un retrait !
Héhéhéhéhé 
*tirs*

Je rentre dans la banque un après-midi de chien, dévasé par les les shooters
Pour tout voler, j'suis prêt à tout donner, j'fais du grand banditisme toulonais
Francky Le Belge qui débarque dans la foule caché sous un masque de clown
Tire une rafale en l'air et les gens se retournent
Juste une fois, et on quitte le froid pour toujours
J'me souviens toujours de ce fameux jour où à Noël, y avait pas de cadeaux
Mon Père Noël est mort alcoolo
Perdu, on perd nos repères, mets une paire d'espèces dans le sac à dos
J'décampe et fous le camp, dans la voiture devant, Hippocampe m'attend

J'espère que t'as pas tué des gens, que t'as ramené le pactole
Dans le fond, t'es pas méchant mais tu deviens dément quand tu t'affoles
Depuis tout petit, tu fais des bêtises, je t'ai pourtant dit d'éviter l'alcool
La voiture ne démarre pas, c'est ton mauvais karma
On est dans la merde, ne te marre pas !
Vas-y, on fait quoi maintenant ? Restons planqués, concentrés, appliquons le plan B
On va s'en tirer, sans flancher, sans flamber mais pas sans blé, ok ?

Come sit with me, we can wonder what's to come together
Come, be with me, we can come together and wonder
Come follow me, let me show you we were made for each other
And go on like this for ever and ever and ever and ever
And ever

Yeah, on s'écarte du boulevard et les gens passent sur le pare-brise
Et claclaclaclaclac fait la jante sur le trottoir
L'agent ne fait que son devoir à grands coups d'pieds dans les reins
""Pose l'argent sans faire d'histoires et mets ta tête devant tes mains""
Hippo t'es loin, le braquage s'est pas bien passé
Pourtant, c'était parfait sur les pages du calepin d'papier
J'me souviens de rien, d'où vient cette voiture toute cassée ?
Hippo qui décampe une balle dans la jambe et choisit la course à pied
Tu sais que je suis pas pieux et puis que Dieu m'a pas dit
Si les bandits qui meurent et qui n'ont pas fait de mal vont au Paradis
Comme les riches sur Terre vont au paradis fiscal, bien sûr, la police est calme
Quand c'est l'État, EDF, les banquiers qui nous rackettent, pour eux, pas de prison
Quand t'es pris en otage à travers ton livret A et qu'on te renvoie sans raison
S'il y a plus d'avenir à l'horizon
Déchire la chemise d'un actionnaire, ça fera gol-ri à la maison

Cette balle dans le quadriceps
Ralentit ma course, je souffre et je sens l'ivresse
Les crapules tombent dans l'oubli, les grands bandits restent
J'suis dans la ligne de mire, c'est l'interro surprise je n'ai pas d'antisèche
Une balle dans le bide, c'est indigeste
Mon cœur tambourine, voilà venue l'heure du chant du cygne, j'ai envie d'sexe
La vie est une fête, je vais la quitter frustré
Comme Cendrillon au réveillon de la Saint-Sylvestre
J'ignore où se trouve Dooz
Pourvu qu'il les double, qu'il les sème tous
Et qu'il épouse celle qu'il aime depuis des millénaires
Et qu'en bord de mer, ils remplissent des verres
J'ignore où se trouve Dooz
Pourvu qu'il les double, qu'il les sème tous
Et qu'il épouse celle qu'il aime depuis des millénaires
Et qu'en bord de mer, il les vide, ces verres

Come sit with me, we can wonder what's to come together
Come, be with me, we can come together and wonder
Come follow me, let me show you we were made for each other
And go on like this for ever and ever and ever and ever
And ever",https://genius.com/Dooz-kawa-brako-lyrics,Hippocampe Fou,"Come sit with me, we can wonder what's to come together
Come, be with me, we can come together and wonder
Come follow me, let me show you we were made for each other
And go on like this for ever and ever and ever and ever
And ever
Come sit with me, we can wonder what's to come together
Come, be with me, we can come together and wonder
Come follow me, let me show you we were made for each other
And go on like this for ever and ever and ever and ever
And ever
Come sit with me, we can wonder what's to come together
Come, be with me, we can come together and wonder
Come follow me, let me show you we were made for each other
And go on like this for ever and ever and ever and ever
And ever",15,80,0.1875,147
Laylow,laylow,308564,6962412,FALLEN ANGELS,"Playin'
All the shit I did, it was just for fun
These people testin' me, they can suck their mum
All these things that they said but they never done
I won't ever stop until they're said and done, said enough
J'ai des démons, des anges qui m'volent au-dessus d'la tête
J'ai plein d'problèmes mais rien que j'peux pas surmonter
Fuck vivre pour eux, j'le fais pour le fun
Fuck, j'laisse sonner quand la vraie vie m'appеlle

Yeah, et j'vеux pas m'poser trop d'questions
Faut qu'j'te nique ta mère pour le fun
Anderson est dans la maison
Y a tout l'temps deux-trois putes qui braillent, Dunhill aux lèvres, pas d'Lucky Strike
J'suis dans la street en Peaky Blinders, police veut que m'mettre v'là des strikes
Je vous déteste par habitude, jeune nègre avec de l'attitude
Spécial, mais bon c'ça qui tue, han
Monde est cruel, a pas pitié d'toi, j'fume une clope, là j'suis sur le toit
Mélancolie, mode cinq étoiles, j'dois faire comme s'j'étais sûr de moi
Y a du monde quand faut faire la fête mais plus personne quand faut assumer
Les yeux dans l'vide, c'est parce que j'vois loin, c'est pas parce qu'y a de la fumée

Seul dehors, j'fais l'tour d'la ciudad, en vrai
Et j'veux pas leur ressembler, en vrai
Ils méritent pas ma peine, non
He's always on my A zone, I've been navigating, say somethin'
These people tryna turn things, I say some
I know a lot of snitches that cannot stay drunk
I'm 
I'd say it's my fault, but you just wanna play me soft, hey
You just wanna play me, so-o-o-o-oft

Playin'
All the shit I did, it was just for fun
Playin'
These people testin' me, they can suck their mum
Oh, playin'
All these things they said but they never done
I won't ever stop until they're said and done, said enough
J'ai des démons, des anges qui m'volent au-dessus d'la tête
J'ai plein d'problèmes mais rien que j'peux pas surmonter
Fuck vivre pour eux, j'le fais pour le fun
Fuck, j'laisse sonner quand la vraie vie m'appelle",https://genius.com/Laylow-fallen-angels-lyrics,slowthai,"All the shit I did, it was just for fun
These people testin' me, they can suck their mum
All these things that they said but they never done
I won't ever stop until they're said and done, said enough
He's always on my A zone, I've been navigating, say somethin'
These people tryna turn things, I say some
I know a lot of snitches that cannot stay drunk
I'd say it's my fault, but you just wanna play me soft, hey
You just wanna play me, so-o-o-o-oft
All the shit I did, it was just for fun
These people testin' me, they can suck their mum
All these things they said but they never done
I won't ever stop until they're said and done, said enough",13,39,0.3333333333333333,127
Soprano,soprano,1431,2878281,Mon Everest,"J'ai grimpé, j'ai grimpé, j'ai grimpé sans lâcher mes principes et mes valeurs
Jamais j'oublierais d'où je viens, je sais ce que c'est d'être un homme de couleur
Je sais ce que c'est de taffer deux fois plus pour pouvoir être à la hauteur
Si je chante la cosmopolitanie, c'est parce que j'en ai vu de toutes les couleurs
On m'a dit, on m'a dit : ""Petit, réveille-toi, t'es un peu trop rêveur
Petit, tu as un trop gros appétit, la réalité est fade et sans saveur
Oublie tes rêves d'ados, comme tout le monde suis le troupeau"" (Suis le troupeau)
Mais le têtu que j'étais avait de la détermination plein le sac à dos
Aucune de leurs dissuasions m'a mis le genou à terre (Nan-nan)
Aucun médecin au monde ne pouvait soigner ma fièvre (Nan-nan)
Tout est possible quand tu sais qui tu es
Tout est possible quand t'assumes qui tu es
Aujourd'hui, regarde-moi contempler mes sacrifices au sommet de mon Everest

I spent my life climbing, hiding, and fighting for what I want (
What I want
)
I had no one by my side, just my pain, my hunger, and my cries
I know, I know, I know
I know, I know, I gotta fight, fight (
Fight
)
Fight, fight for who I am
And I will (
Yeah, yeah, yeah, yeah
)

J'ai chanté, j'ai chanté, j'ai chanté l'amour et la paix pendant des années
Je suis ce mélancolique qui se soigne quand ses M-A-U-X se mettent à rimer
Un rappeur positif pour donner de l'espoir à cette jeunesse désabusée
À l'heure où on nous braque avec un AK 49.3 pour nous faire plier
Ma famille, ma famille, ma famille, tout roule pour moi car ce sont mes moteurs
Mon carré VIP c'est mon cercle familial, pour eux j'brillais avant les projecteurs
I love you Comoria, I love you Massilia (Alléluia)
Mon image, mon discours, mon parcours, mon combat, tout ça c'est pour pouvoir leur faire honneur
Le cancer m'a volé un frère, il n'y a que mes gosses pour éponger mes pleurs
Toujours debout à chanter que l'amour est le meilleur fusil contre la terreur
Je le décharge quand je chante, dans une MJC ou dans les Restos du Cœur
J'suis de retour plus humain que jamais, envoyez-moi des sourires plus que des fleurs

I spent my life climbing, hiding, and fighting for what I want (
What I want
)
I had no one by my side, just my pain, my hunger, and my cries
I know, I know, I know
I know, I know, I gotta fight, fight (
Fight
)
Fight, fight for who I am (I know, I know, I know, I know)
And I will (
Yeah, yeah, yeah, yeah
)

This time I know I fight for who I am
I know, I know (
I know
), I know, I know (
I know
)
This time I know I fight for who I am
I know, I know (
I know
), I know, I know
(Tout est possible quand tu sais qui tu es)
(Tout est possible quand t'assumes qui tu es)
This time I know I fight for who I am
(Tout est possible quand tu sais qui tu es)
(Tout est possible quand t'assumes qui tu es)
I know, I know, I know, I know
(Tout est possible quand tu sais qui tu es)
(Tout est possible quand t'assumes qui tu es)
For who I am
(Tout est possible quand tu sais qui tu es)
I know, I know, I know, I know

I spent my life climbing, hiding, and fighting for what I want (
What I want
)
I had no one by my side, just my pain, my hunger and my cries
I know, I know, I know
I know, I know, I gotta fight, fight (
Fight
)
Fight, fight for who I am
And I will

Tout est possible quand tu sais qui tu es
Tout est possible quand t'assumes qui tu es
Tout est possible quand tu sais qui tu es
Tout est possible quand t'assumes qui tu es
Marina, Soprano",https://genius.com/Soprano-mon-everest-lyrics,Marina Kaye,"I spent my life climbing, hiding, and fighting for what I want (
What I want
I had no one by my side, just my pain, my hunger, and my cries
I know, I know, I know
I know, I know, I gotta fight, fight (
Fight, fight for who I am
I spent my life climbing, hiding, and fighting for what I want (
What I want
I had no one by my side, just my pain, my hunger, and my cries
I know, I know, I know
I know, I know, I gotta fight, fight (
Fight, fight for who I am (I know, I know, I know, I know)
This time I know I fight for who I am
I know, I know (
I know
), I know, I know (
I know
This time I know I fight for who I am
I know, I know (
I know
), I know, I know
This time I know I fight for who I am
I know, I know, I know, I know
I know, I know, I know, I know
I spent my life climbing, hiding, and fighting for what I want (
What I want
I had no one by my side, just my pain, my hunger and my cries
I know, I know, I know
I know, I know, I gotta fight, fight (
Fight, fight for who I am
And I will",31,76,0.40789473684210525,240
Orelsan,orelsan,1286,3266712,Zone,"Laissez-moi, j'suis dans ma zone
Laissez-moi, j'suis dans ma zone
Laissez-moi, j'suis dans ma zone
Laissez-moi, j'suis dans ma zone

J'baise ta meuf et j'me fais des pâtes
Pour partir plus vite, j'respecte même pas l'temps d'cuisson
Sous pression, toujours en mission
J'ai rien fait par rapport à mes ambitions
J'veux faire mal, faire un truc viral
En gros, j'veux faire comme les mecs qu'ont inventé l'SIDA
J'veux plus jamais faire les même erreurs
Hanté par le passé, pressé d'avoir Alzheimer
Avant, j'étais mauvais, 'sky dans les gobelets
Une demie bouteille avant d'aller bosser
Toutes ces connasses à mes côtés
Terroristes sexuelles, elles veulent juste se faire sauter
Ta vie, c'est d'la merde, à qui la faute ?
T'es figurant dans l'film de la vie d'un autre
T'assumes pas, tu critiques c'que t'aimes
Combien d'fois tu vas dire qu'j'suis mort avant qu'j'revienne ?
Vous rappez comme des rastas blancs
Pourquoi tu rappes comme un rasta blanc ?
T'as pris les codes d'une musique et tu l'appliques bêtement
Pendant qu'on va d'l'avant
Tu peux m'trouver dans les rues d'Caen
Avec un mélange où tout l'monde a bu dedans
Entre deux mondes en suspens
C'est criminel, la façon dont j'tue l'temps
Nekfeu, Orelsan, Neksan, Orelfeu
Qu'est-ce que t'attendais d'mieux ? Étoiles dans les yeux
Yes, j'ai grandi dans l'Ouest
J'ai les même potes qu'à l'époque, nous d'abord et fuck le reste
Yes, j'faisais ça pour le kiff à la base
J'faisais mes clips et mes disques à l'arrache
Mais, comme d'hab', y'a toujours un type qu'a la rage
Un truc de business qui détruira la vibe
Yes, j'ai vu la célébrité comme un mirage
Plus qu'un album et je m'fais refaire l'visage
Histoire de pouvoir retrouver l'même feeling
Qu'à l'époque où j'recopiais les flows d'Dizzee

Laissez-moi, j'suis dans ma zone
Laissez-moi, j'suis dans ma zone
Laissez-moi, j'suis dans ma zone
Laissez-moi, j'suis dans ma zone

Fin d'contrôle, j'avais rien sur moi mais la keuf guette
Elle est mignonne mais elle aura pas la queue d'Ken
Je mets les femmes en confiance comme un club gay
Elles veulent enlever le haut comme un cupcake
Non, mais dis donc, mais dis donc
Tu veux ma confiance, ça met du temps, met du temps
J'ai construit mon empire de mes dix doigts, mes dix doigts
2017, j'attends toujours ma Dido, ma Dido
Y'a comme un décalage entre mon époque et moi
Même à l'école, les professeurs ne comprenaient pas
Comment je pouvais niquer mon avenir, je devais trouver ma voie
J'avais du mal à choisir entre les trois premiers Pokémon
Certaines nuits, je ne savais pas où aller
C'est pas mon genre de mendier
Y'a ceux qui disent : ""Oui"" mais, quand on me demandait :
""Ken, t'as des ennuis ?"", je disais : ""Non"" comme Wallen
Dans ce siècle, sans la banque, t'as aucune chance
Autant faire la sieste sur la bande d'arrêt d'urgence
La vie, c'est speed, génération 16 bit
Loin des suce bites, tes MCs sans inspi'
T'as la pression quand Orel t'invite
Depuis 2011, on t'avait dit que t'aurais ton feat
Alors on va bien t'niquer si tu tailles pipe
Et tu vas retourner kicker sur des type beat
Il nous reste peut-être quelques secondes à vivre
Tu me demandes de mes nouvelles mais c'est qu'une tactique
Dis-moi, pourquoi les gens d’aujourd'hui se contactent-ils
Si c'est pour faire l'amour avec des écrans tactiles ?
Tous ingrats, l’état du monde s'aggrave
Cinq grammes dans le crâne, c'est le saint Graal
Les uns craquent, les autres tiennent mais ça craint, ils obtiennent
Du chagrin qui s’accroît, mais les plaies s'aggravent
Dehors, ça crame, c'est crade, on pense au bien de chacun
J'ai ouvert mes chakras, un peu des miens dans chaque rap, chacal
L'Entourage,
 
Casseurs Flowters
Neksan, Orelfeu, Orelfeu, Neksan

Laissez-moi, j'suis dans ma zone
Laissez-moi, j'suis dans ma zone
Laissez-moi, j'suis dans ma zone
Laissez-moi, j'suis dans ma zone

I don’t speak French but whatever he's saying
I wear a Rascal flow, I ain't playing
I met him just the other day in L.A
He told me that he had a riddim that he wanted to play
And I should listen, if it’s really soundin' different, okay
Had a suspicion that he wouldn't just go out of his way
Must be official, I don’t really see an issue
What’s the worst that could happen?
Could be another crappy rapper talking about they're in the trap
And all that other skatty shit that they yapping
And then they turned the riddim on, it was snapping
It wasn’t lacking, had me bopping and tapping
I had to jack it, I told them I would definitely back it
I've just got to figure how to attack it
Could be an asset
Can't be just out here making a racket
For the sake of a pay packet, let’s make it a classic
It’s a dirty little beat, it reminds me of The Streets, Mike Skinner and them
I've got that old school feeling again
Two stepping in the ends, gun finger to the ceiling again
I give it a ten out of ten
Told the producer he should send me the stems
Somebody get me a pen
The beat's leng, I can’t even pretend
Give me the microphone and let me do what I do best
Give me the microphone and check 1, 2, 3, test
It's all bless, say it with your chest and all the rest
I don’t rest and I’m never gonna settle for less
The success, invest in a flat in the West
Have Jess with the 32F breasts telling me she's very impressed
I digress, took a holler, I messed
But ingest so it’s jiggy I guess",https://genius.com/Orelsan-zone-lyrics,Nekfeu; Dizzee Rascal,"I don’t speak French but whatever he's saying
I wear a Rascal flow, I ain't playing
I met him just the other day in L.A
He told me that he had a riddim that he wanted to play
And I should listen, if it’s really soundin' different, okay
Had a suspicion that he wouldn't just go out of his way
Must be official, I don’t really see an issue
What’s the worst that could happen?
Could be another crappy rapper talking about they're in the trap
And all that other skatty shit that they yapping
And then they turned the riddim on, it was snapping
It wasn’t lacking, had me bopping and tapping
I had to jack it, I told them I would definitely back it
I've just got to figure how to attack it
Could be an asset
Can't be just out here making a racket
For the sake of a pay packet, let’s make it a classic
It’s a dirty little beat, it reminds me of The Streets, Mike Skinner and them
I've got that old school feeling again
Two stepping in the ends, gun finger to the ceiling again
I give it a ten out of ten
Told the producer he should send me the stems
Somebody get me a pen
Give me the microphone and let me do what I do best
Give me the microphone and check 1, 2, 3, test
It's all bless, say it with your chest and all the rest
The success, invest in a flat in the West
Have Jess with the 32F breasts telling me she's very impressed
I digress, took a holler, I messed",29,117,0.24786324786324787,275
Kaaris,kaaris,14693,715288,Crystal,"Back to the Future
Yeah (Huh)
Freebandz!
9.3
Future Hendrix for homage Future The World (Sevran)
Cause you knw what I'm sayin' FBG we global (RGT)
Orh Click

I won't trust these bitches, these bitches gon' tell
We don't trust no snitch around, none of these bitches, these bitches gon' tell
I'm a hood nigga straight out the motherfucking gutter, I serve the whole bail
Motherfuck these police, nigga, my niggas they shooting at 12 (Niggas shooting at police, boy)

Je me devais de les kalashnikover, je me balade au cimetière avec mes trophées (Therapy)
Je fume un joint de beuh pour me doper, la guerre on va la faire, y'a R, je suis opé (Yeah)
Je leur pisse dessus comme sur une aire de repos, les couilles se voient même de dos (2.7)
Balayette en traître, j'suis pas ton te-po, ici tous les coups sont vrais, t'es pas au rt-spo
Ce qui te touche ne m'effleure pas (Kaaris), j'rentre dans le carré comme Bobby Shmurda (Aight)
AK chargé et tu smurferas (Wow!), crystal, kekra, j'mélange dans la cuisine, tes implants, ton legging
Sur le siège chauffant, ce n'est pas un leasing,mon gang est sur le listing (OK)
Tu m'attaques il parait, rafale et ta chatte disparait
J'augmente la dose dans le trafic (pute), et la criminalité sur le graphique (pute)
Même dans la saleté faut que je m'applique,j'fais des hat-tricks, je viens d'Afrique (fuck)
J'prends le pouvoir comme Napoléon, Roi Soleil éclairé par les rayons (Kaaris)
T'es ébloui par mes xénons (hey), la gifle te donne les oreillons

I won't trust these bitches (S.E), these bitches gon' tell
We don't trust no snitch around, none of these bitches, these bitches gon' tell
I'm a hood nigga straight out the motherfucking gutter, I serve the whole bail
Motherfuck these police, nigga, my niggas they shooting at 12 (I'm a young nigga, young nigga)
Motherfuck these police, nigga, my niggas they shooting at 12 (I'm a young nigga, young nigga) (Orh... Click)
We don't carry no snitch around, none of these bitches, these bitches gon' tell
I'm a hood nigga straight out the motherfucking gutter, I serve the whole bail
Got the molly, got white, got the lean, got the kush, got the purp and the pills (Kaaris, Kaaris)

J'suis dans le bunker comme Oussama (Kaaris) ,Psychogun, rayon Gamma
Tout droit, direct dans vos tarmas (Bang!) en même temps que la Jordan 11 Blue Gamma (Wow!) (Pute!)
Depuis ""Vendeur de nah nah"", organisés comme le Fatah (Orh...) (Yeah, yeah)
Je défouraille tous ces bâtards (Click), je les mange en steak tartare (Yeah, yeah! Yeah, yeah!)
Tu veux rapper comme moi, t'es cloné, j'fais du liquide, de la monnaie (Aight)
Je passe devant toi, t'es sonné, tout se passe sous ton gros nez (S.E)
J'suis pépère, BTTF, Zanotti (Wow!)
Armes de guerre, je possède toute la panoplie

I won't trust these bitches (Sevran), these bitches gon' tell (Wow!)
We don't trust no snitch around, none of these bitches, these bitches gon' tell
I'm a hood nigga straight out the motherfucking gutter, I serve the whole bail (Orh Click)
Motherfuck these police, nigga, my niggas they shooting at 12 (I'm a young nigga, young nigga)
Motherfuck these police, nigga, my niggas they shooting at 12 (I'm a young nigga, young nigga)
We don't carry no snitch around, none of these bitches, these bitches gon' tell
I'm a hood nigga straight out the motherfucking gutter, I serve the whole bail
Got the molly, got white, got the lean, got the kush, got the purp and the pills
(Kaaris, Kaaris)

Selling bricks on deck like Jackie Chan, got them hoes on deck like shoestrings
With a brand new Lambo shoestring, I'm a gutter ass nigga I don't do 'caine
Got a whole lot of Autotune on it, no T-Pain, 36 O's in the whip, no keychain
Young ass white bitch, Amy Grant, nigga,Young rich nigga hanging with penitentiary niggas
Motherfuck the feds, fuck Illuminati
Nigga we ain't scared, this a kamikaze
Order more bitches, order more bottles, we doing this shit, we might not see tomorrow
Two hundred bitches from Paris on my timeline, they might have went all the way this time
Treat a nigga like a one of a kind, Diamonds hanging, I'm in Sierra Leone
Fuck with a rich nigga if that's what you want, come fuck a rich nigga, that's what you want
Ace of Spades and kush, oh that's what we on, you niggas trying to buy me? Know they some clones
Drink your molly, mix it all on up, these Persian bitches know they all want us

I won't trust these bitches (2.7), these bitches gon' tell
We don't trust no snitch around, none of these bitches, these bitches gon' tell (Kaaris)
I'm a hood nigga straight out the motherfucking gutter, I serve the whole bail
Motherfuck these police, nigga, my niggas they shooting at 12 (I'm a young nigga, young nigga)
Motherfuck these police, nigga, my niggas they shooting at 12 (I'm a young nigga, young nigga)
We don't carry no snitch around, none of these bitches, these bitches gon' tell
I'm a hood nigga straight out the motherfucking gutter, I serve the whole bail (Orh Click)
Got the molly, got white, got the lean, got the kush, got the purp and the pills (Kaaris, Kaaris)

Therapy !
Kaaris ! (Bang!)
Kaaris ! (Wow!)
Kaaris ! (Wow!)
Yeah!
Yeah, yeah!
Yeah, yeah! Yeah, yeah!",https://genius.com/Kaaris-crystal-lyrics,Future,"Back to the Future
Cause you knw what I'm sayin' FBG we global (RGT)
I won't trust these bitches, these bitches gon' tell
We don't trust no snitch around, none of these bitches, these bitches gon' tell
I'm a hood nigga straight out the motherfucking gutter, I serve the whole bail
Motherfuck these police, nigga, my niggas they shooting at 12 (Niggas shooting at police, boy)
I won't trust these bitches (S.E), these bitches gon' tell
We don't trust no snitch around, none of these bitches, these bitches gon' tell
I'm a hood nigga straight out the motherfucking gutter, I serve the whole bail
Motherfuck these police, nigga, my niggas they shooting at 12 (I'm a young nigga, young nigga)
Motherfuck these police, nigga, my niggas they shooting at 12 (I'm a young nigga, young nigga) (Orh... Click)
We don't carry no snitch around, none of these bitches, these bitches gon' tell
I'm a hood nigga straight out the motherfucking gutter, I serve the whole bail
I won't trust these bitches (Sevran), these bitches gon' tell (Wow!)
We don't trust no snitch around, none of these bitches, these bitches gon' tell
I'm a hood nigga straight out the motherfucking gutter, I serve the whole bail (Orh Click)
Motherfuck these police, nigga, my niggas they shooting at 12 (I'm a young nigga, young nigga)
Motherfuck these police, nigga, my niggas they shooting at 12 (I'm a young nigga, young nigga)
We don't carry no snitch around, none of these bitches, these bitches gon' tell
I'm a hood nigga straight out the motherfucking gutter, I serve the whole bail
Got the molly, got white, got the lean, got the kush, got the purp and the pills
Selling bricks on deck like Jackie Chan, got them hoes on deck like shoestrings
With a brand new Lambo shoestring, I'm a gutter ass nigga I don't do 'caine
Got a whole lot of Autotune on it, no T-Pain, 36 O's in the whip, no keychain
Nigga we ain't scared, this a kamikaze
Order more bitches, order more bottles, we doing this shit, we might not see tomorrow
Two hundred bitches from Paris on my timeline, they might have went all the way this time
Treat a nigga like a one of a kind, Diamonds hanging, I'm in Sierra Leone
Fuck with a rich nigga if that's what you want, come fuck a rich nigga, that's what you want
Ace of Spades and kush, oh that's what we on, you niggas trying to buy me? Know they some clones
Drink your molly, mix it all on up, these Persian bitches know they all want us
I won't trust these bitches (2.7), these bitches gon' tell
I'm a hood nigga straight out the motherfucking gutter, I serve the whole bail
Motherfuck these police, nigga, my niggas they shooting at 12 (I'm a young nigga, young nigga)
Motherfuck these police, nigga, my niggas they shooting at 12 (I'm a young nigga, young nigga)
We don't carry no snitch around, none of these bitches, these bitches gon' tell
I'm a hood nigga straight out the motherfucking gutter, I serve the whole bail (Orh Click)",37,74,0.5,525
